{
  "SINGULARITIES" : {
    "transaction" : "SINGULARITIES",
    "sampleCount" : 100,
    "errorCount" : 0,
    "errorPct" : 0.0,
    "meanResTime" : 40978.59,
    "medianResTime" : 41166.5,
    "minResTime" : 37197.0,
    "maxResTime" : 44389.0,
    "pct1ResTime" : 43043.1,
    "pct2ResTime" : 43303.25,
    "pct3ResTime" : 44388.07,
    "throughput" : 0.24326106047226703,
    "receivedKBytesPerSec" : 0.054154093110603506,
    "sentKBytesPerSec" : 0.05155043957273627
  },
  "SPEARMANRANK" : {
    "transaction" : "SPEARMANRANK",
    "sampleCount" : 100,
    "errorCount" : 0,
    "errorPct" : 0.0,
    "meanResTime" : 28277.959999999995,
    "medianResTime" : 28420.0,
    "minResTime" : 22745.0,
    "maxResTime" : 31518.0,
    "pct1ResTime" : 29893.9,
    "pct2ResTime" : 30615.399999999998,
    "pct3ResTime" : 31512.969999999998,
    "throughput" : 0.35159642356117954,
    "receivedKBytesPerSec" : 0.07856669300709875,
    "sentKBytesPerSec" : 0.07416487059493632
  },
  "JMSD" : {
    "transaction" : "JMSD",
    "sampleCount" : 100,
    "errorCount" : 0,
    "errorPct" : 0.0,
    "meanResTime" : 33343.760000000024,
    "medianResTime" : 33652.0,
    "minResTime" : 29127.0,
    "maxResTime" : 36143.0,
    "pct1ResTime" : 34986.8,
    "pct2ResTime" : 35481.799999999996,
    "pct3ResTime" : 36138.979999999996,
    "throughput" : 0.2982982087192566,
    "receivedKBytesPerSec" : 0.06638591678225722,
    "sentKBytesPerSec" : 0.060591823646099004
  },
  "Total" : {
    "transaction" : "Total",
    "sampleCount" : 800,
    "errorCount" : 0,
    "errorPct" : 0.0,
    "meanResTime" : 33201.39000000001,
    "medianResTime" : 33203.5,
    "minResTime" : 22745.0,
    "maxResTime" : 44389.0,
    "pct1ResTime" : 39468.1,
    "pct2ResTime" : 41357.7,
    "pct3ResTime" : 43131.99,
    "throughput" : 0.29972346763567265,
    "receivedKBytesPerSec" : 0.066773720044981,
    "sentKBytesPerSec" : 0.06227164818309507
  },
  "CORRELATION" : {
    "transaction" : "CORRELATION",
    "sampleCount" : 100,
    "errorCount" : 0,
    "errorPct" : 0.0,
    "meanResTime" : 30653.93,
    "medianResTime" : 31038.5,
    "minResTime" : 26141.0,
    "maxResTime" : 33736.0,
    "pct1ResTime" : 32336.8,
    "pct2ResTime" : 32935.5,
    "pct3ResTime" : 33734.76,
    "throughput" : 0.3241301966173773,
    "receivedKBytesPerSec" : 0.07213163008317182,
    "sentKBytesPerSec" : 0.06805467995384387
  },
  "JACCARD" : {
    "transaction" : "JACCARD",
    "sampleCount" : 100,
    "errorCount" : 0,
    "errorPct" : 0.0,
    "meanResTime" : 33238.23000000001,
    "medianResTime" : 33447.5,
    "minResTime" : 29016.0,
    "maxResTime" : 35369.0,
    "pct1ResTime" : 34800.1,
    "pct2ResTime" : 35093.75,
    "pct3ResTime" : 35368.76,
    "throughput" : 0.2997143722032902,
    "receivedKBytesPerSec" : 0.06670108230606232,
    "sentKBytesPerSec" : 0.06175755130360766
  },
  "COSINE" : {
    "transaction" : "COSINE",
    "sampleCount" : 100,
    "errorCount" : 0,
    "errorPct" : 0.0,
    "meanResTime" : 33593.95,
    "medianResTime" : 34105.0,
    "minResTime" : 25437.0,
    "maxResTime" : 36647.0,
    "pct1ResTime" : 35346.7,
    "pct2ResTime" : 35888.9,
    "pct3ResTime" : 36643.64,
    "throughput" : 0.29589650723762856,
    "receivedKBytesPerSec" : 0.06586586900365728,
    "sentKBytesPerSec" : 0.060681900898341794
  },
  "ADJUSTEDCOSINE" : {
    "transaction" : "ADJUSTEDCOSINE",
    "sampleCount" : 100,
    "errorCount" : 0,
    "errorPct" : 0.0,
    "meanResTime" : 29884.35,
    "medianResTime" : 29457.0,
    "minResTime" : 26524.0,
    "maxResTime" : 34383.0,
    "pct1ResTime" : 32867.2,
    "pct2ResTime" : 33374.15,
    "pct3ResTime" : 34380.27,
    "throughput" : 0.33349341017021505,
    "receivedKBytesPerSec" : 0.07453121769282589,
    "sentKBytesPerSec" : 0.07099762052451844
  },
  "MSD" : {
    "transaction" : "MSD",
    "sampleCount" : 100,
    "errorCount" : 0,
    "errorPct" : 0.0,
    "meanResTime" : 35640.35000000001,
    "medianResTime" : 35789.5,
    "minResTime" : 31088.0,
    "maxResTime" : 39331.0,
    "pct1ResTime" : 37349.2,
    "pct2ResTime" : 37732.149999999994,
    "pct3ResTime" : 39328.15,
    "throughput" : 0.2790217497453927,
    "receivedKBytesPerSec" : 0.062076889674800156,
    "sentKBytesPerSec" : 0.05640381073954715
  }
}